{
    "metrics": {
        "precision": {
            "arousal": 0.7593971837888013,
            "lm": 0.6500088487442688,
            "sdb": 0.817328605434297
        },
        "recall": {
            "arousal": 0.6724951745745559,
            "lm": 0.6470600564517077,
            "sdb": 0.5259604084980897
        },
        "f1": {
            "arousal": 0.704393545987798,
            "lm": 0.6280740299916772,
            "sdb": 0.6238767217384936
        },
        "delta_duration_mu": {
            "arousal": 4.810189291927774,
            "lm": -0.46185293793678284,
            "sdb": 20.410321420124525
        },
        "delta_start_mu": {
            "arousal": -1.3749460154803386,
            "lm": 0.23624983429908752,
            "sdb": -9.391897719150034
        },
        "delta_stop_mu": {
            "arousal": 3.435243269909446,
            "lm": -0.2256031036376953,
            "sdb": 11.01842366793467
        },
        "delta_duration_std": {
            "arousal": 16.95962067898325,
            "lm": 3.0773098468780518,
            "sdb": 48.23048843652823
        },
        "delta_start_std": {
            "arousal": 7.611720317857086,
            "lm": 1.8902496099472046,
            "sdb": 28.998869001202443
        },
        "delta_stop_std": {
            "arousal": 13.196063907957368,
            "lm": 1.9521369934082031,
            "sdb": 30.529973806698475
        }
    }
}
