{
    "metrics": {
        "precision": {
            "arousal": 0.759258539809818,
            "lm": 0.6612371677110873,
            "sdb": 0.8200279467240945
        },
        "recall": {
            "arousal": 0.6763687606062398,
            "lm": 0.6287995429088763,
            "sdb": 0.5326558727668262
        },
        "f1": {
            "arousal": 0.7071068300671318,
            "lm": 0.6270631251286807,
            "sdb": 0.6338075530018265
        }
    },
    "threshold": {
        "arousal": 0.64,
        "lm": 0.66,
        "sdb": 0.9
    }
}
